.,4096,9 juil. 22:32
..,4096,6 juil. 22:30
data.json,75,1 juil. 11:04
file_explorer.py,326,1 juil. 10:44
.git,4096,2 juil. 12:46
hello.py,130,1 juil. 12:43
inventory_analyser.py,537,8 juil. 22:49
inventory.csv,678,8 juil. 19:40
inventory.sh,254,8 juil. 19:40
logs,4096,28 juin 11:23
port_scanner_final.py,1329,2 juil. 12:45
port_scanner_hosts.py,1081,2 juil. 11:18
port_scanner_liste.py,1329,2 juil. 12:44
port_scanner.py,732,2 juil. 11:09
port_scanner_verb.py,1087,2 juil. 11:14
read_json.py,178,1 juil. 11:25
recent.py,833,1 juil. 13:46
recent.sh,327,30 juin 21:52
recent.sh.save,268,30 juin 21:46
run_command.py,216,1 juil. 11:02
socket_test.py,307,2 juil. 10:38
temp.csv,1442,8 juil. 19:40
test.sh,107,30 juin 21:12
